[
    {
        "key": "group_5d01476c4fd9f",
        "title": "Big Header Image",
        "fields": [
            {
                "key": "field_5d01477fac2cc",
                "label": "Main Copy",
                "name": "main_copy",
                "type": "text",
                "instructions": "",
                "required": 0,
                "conditional_logic": 0,
                "wrapper": {
                    "width": "",
                    "class": "",
                    "id": ""
                },
                "default_value": "",
                "placeholder": "",
                "prepend": "",
                "append": "",
                "maxlength": ""
            },
            {
                "key": "field_5d014d073f508",
                "label": "Background Image",
                "name": "background_image",
                "type": "image",
                "instructions": "",
                "required": 0,
                "conditional_logic": 0,
                "wrapper": {
                    "width": "",
                    "class": "",
                    "id": ""
                },
                "return_format": "url",
                "preview_size": "medium",
                "library": "all",
                "min_width": "",
                "min_height": "",
                "min_size": "",
                "max_width": "",
                "max_height": "",
                "max_size": "",
                "mime_types": ""
            }
        ],
        "location": [
            [
                {
                    "param": "block",
                    "operator": "==",
                    "value": "acf\/big-header-image"
                }
            ]
        ],
        "menu_order": 0,
        "position": "normal",
        "style": "default",
        "label_placement": "top",
        "instruction_placement": "label",
        "hide_on_screen": "",
        "active": true,
        "description": ""
    },
    {
        "key": "group_5d041b88c14f0",
        "title": "Elementor Block",
        "fields": [
            {
                "key": "field_5d041b9e62cf3",
                "label": "Elementor Block",
                "name": "elementor_block",
                "type": "post_object",
                "instructions": "",
                "required": 0,
                "conditional_logic": 0,
                "wrapper": {
                    "width": "",
                    "class": "",
                    "id": ""
                },
                "post_type": [
                    "elementor_library"
                ],
                "taxonomy": [
                    "elementor_library_category:default_background"
                ],
                "allow_null": 0,
                "multiple": 0,
                "return_format": "id",
                "ui": 1
            }
        ],
        "location": [
            [
                {
                    "param": "block",
                    "operator": "==",
                    "value": "acf\/elementor-block"
                }
            ]
        ],
        "menu_order": 0,
        "position": "normal",
        "style": "default",
        "label_placement": "top",
        "instruction_placement": "label",
        "hide_on_screen": "",
        "active": true,
        "description": ""
    },
    {
        "key": "group_5d04cca328b6d",
        "title": "Elementor Block Custom Background",
        "fields": [
            {
                "key": "field_5d04cca32c2a8",
                "label": "Elementor Block",
                "name": "elementor_block",
                "type": "post_object",
                "instructions": "",
                "required": 0,
                "conditional_logic": 0,
                "wrapper": {
                    "width": "",
                    "class": "",
                    "id": ""
                },
                "post_type": [
                    "elementor_library"
                ],
                "taxonomy": [
                    "elementor_library_category:custom_background"
                ],
                "allow_null": 0,
                "multiple": 0,
                "return_format": "id",
                "ui": 1
            },
            {
                "key": "field_5d04cca32c2e4",
                "label": "Background Image",
                "name": "background_image",
                "type": "image",
                "instructions": "",
                "required": 0,
                "conditional_logic": 0,
                "wrapper": {
                    "width": "",
                    "class": "",
                    "id": ""
                },
                "return_format": "url",
                "preview_size": "medium",
                "library": "all",
                "min_width": "",
                "min_height": "",
                "min_size": "",
                "max_width": "",
                "max_height": "",
                "max_size": "",
                "mime_types": ""
            }
        ],
        "location": [
            [
                {
                    "param": "block",
                    "operator": "==",
                    "value": "acf\/custom-background"
                }
            ]
        ],
        "menu_order": 0,
        "position": "normal",
        "style": "default",
        "label_placement": "top",
        "instruction_placement": "label",
        "hide_on_screen": "",
        "active": true,
        "description": ""
    },
    {
        "key": "group_5d04dc4264e64",
        "title": "Elementor Block Custom Video Background",
        "fields": [
            {
                "key": "field_5d04dc4268273",
                "label": "Elementor Block",
                "name": "elementor_block",
                "type": "post_object",
                "instructions": "",
                "required": 0,
                "conditional_logic": 0,
                "wrapper": {
                    "width": "",
                    "class": "",
                    "id": ""
                },
                "post_type": [
                    "elementor_library"
                ],
                "taxonomy": [
                    "elementor_library_category:custom_background"
                ],
                "allow_null": 0,
                "multiple": 0,
                "return_format": "id",
                "ui": 1
            },
            {
                "key": "field_5d04dc42682af",
                "label": "Background Video",
                "name": "background_video",
                "type": "file",
                "instructions": "",
                "required": 0,
                "conditional_logic": 0,
                "wrapper": {
                    "width": "",
                    "class": "",
                    "id": ""
                },
                "return_format": "url",
                "library": "all",
                "min_size": "",
                "max_size": "",
                "mime_types": "MP4, mp4, M4V, m4v"
            }
        ],
        "location": [
            [
                {
                    "param": "block",
                    "operator": "==",
                    "value": "acf\/custom-video-background"
                }
            ]
        ],
        "menu_order": 0,
        "position": "normal",
        "style": "default",
        "label_placement": "top",
        "instruction_placement": "label",
        "hide_on_screen": "",
        "active": true,
        "description": ""
    },
    {
        "key": "group_5d02a8b768556",
        "title": "Modal Video",
        "fields": [
            {
                "key": "field_5d02aa78da75b",
                "label": "Movie",
                "name": "",
                "type": "tab",
                "instructions": "",
                "required": 0,
                "conditional_logic": 0,
                "wrapper": {
                    "width": "",
                    "class": "",
                    "id": ""
                },
                "placement": "top",
                "endpoint": 0
            },
            {
                "key": "field_5d02a8bfd56ff",
                "label": "Select Movie Format",
                "name": "select_movie_format",
                "type": "select",
                "instructions": "",
                "required": 0,
                "conditional_logic": 0,
                "wrapper": {
                    "width": "50",
                    "class": "",
                    "id": ""
                },
                "choices": {
                    "select": "-- Select Video Type --",
                    "upload": "MP4 Upload",
                    "remote_mp4": "Remote MP4",
                    "youtube": "YouTube",
                    "vimeo": "Vimeo"
                },
                "default_value": [
                    "youtube"
                ],
                "allow_null": 0,
                "multiple": 0,
                "ui": 0,
                "return_format": "value",
                "ajax": 0,
                "placeholder": ""
            },
            {
                "key": "field_5d02e1608e265",
                "label": "Remote MP4",
                "name": "remote_mp4",
                "type": "text",
                "instructions": "",
                "required": 0,
                "conditional_logic": [
                    [
                        {
                            "field": "field_5d02a8bfd56ff",
                            "operator": "==",
                            "value": "remote_mp4"
                        }
                    ]
                ],
                "wrapper": {
                    "width": "50",
                    "class": "",
                    "id": ""
                },
                "default_value": "https:\/\/archive.org\/download\/mclintok_widescreen\/McLintock.mp4",
                "placeholder": "",
                "prepend": "",
                "append": "",
                "maxlength": ""
            },
            {
                "key": "field_5d02e2fd18629",
                "label": "URL ID",
                "name": "youtube_url",
                "type": "text",
                "instructions": "",
                "required": 0,
                "conditional_logic": [
                    [
                        {
                            "field": "field_5d02a8bfd56ff",
                            "operator": "==",
                            "value": "youtube"
                        }
                    ]
                ],
                "wrapper": {
                    "width": "50",
                    "class": "",
                    "id": ""
                },
                "default_value": "sQfk5HykiEk",
                "placeholder": "",
                "prepend": "",
                "append": "",
                "maxlength": ""
            },
            {
                "key": "field_5d02ee26fe7b1",
                "label": "URL ID",
                "name": "vimeo_url",
                "type": "text",
                "instructions": "",
                "required": 0,
                "conditional_logic": [
                    [
                        {
                            "field": "field_5d02a8bfd56ff",
                            "operator": "==",
                            "value": "vimeo"
                        }
                    ]
                ],
                "wrapper": {
                    "width": "50",
                    "class": "",
                    "id": ""
                },
                "default_value": 140937276,
                "placeholder": "",
                "prepend": "",
                "append": "",
                "maxlength": ""
            },
            {
                "key": "field_5d02e83fe5b79",
                "label": "MP4 Upload",
                "name": "mp4_upload",
                "type": "file",
                "instructions": "",
                "required": 0,
                "conditional_logic": [
                    [
                        {
                            "field": "field_5d02a8bfd56ff",
                            "operator": "==",
                            "value": "upload"
                        }
                    ]
                ],
                "wrapper": {
                    "width": "50",
                    "class": "",
                    "id": ""
                },
                "return_format": "url",
                "library": "all",
                "min_size": "",
                "max_size": "",
                "mime_types": ""
            },
            {
                "key": "field_5d02c7a62eeea",
                "label": "Movie Title",
                "name": "movie_title",
                "type": "text",
                "instructions": "",
                "required": 0,
                "conditional_logic": 0,
                "wrapper": {
                    "width": "50",
                    "class": "",
                    "id": ""
                },
                "default_value": "",
                "placeholder": "",
                "prepend": "",
                "append": "",
                "maxlength": ""
            },
            {
                "key": "field_5d02aa89da75c",
                "label": "Resolution",
                "name": "resolution",
                "type": "select",
                "instructions": "",
                "required": 0,
                "conditional_logic": 0,
                "wrapper": {
                    "width": "50",
                    "class": "",
                    "id": ""
                },
                "choices": {
                    "select": "-- Select Resolution --",
                    "sixteen-nine-btn": "16:9",
                    "widscreen-btn": "Widescreen",
                    "standard-btn": "3:4",
                    "pal-btn": "Pal"
                },
                "default_value": [
                    "16x9"
                ],
                "allow_null": 0,
                "multiple": 0,
                "ui": 0,
                "return_format": "value",
                "ajax": 0,
                "placeholder": ""
            },
            {
                "key": "field_5d02b515142c1",
                "label": "Thumbnail",
                "name": "thumbnail",
                "type": "image",
                "instructions": "",
                "required": 0,
                "conditional_logic": 0,
                "wrapper": {
                    "width": "",
                    "class": "",
                    "id": ""
                },
                "return_format": "url",
                "preview_size": "medium",
                "library": "all",
                "min_width": 50,
                "min_height": "",
                "min_size": "",
                "max_width": "",
                "max_height": "",
                "max_size": "",
                "mime_types": ""
            },
            {
                "key": "field_5d02ebac181aa",
                "label": "Settings",
                "name": "",
                "type": "tab",
                "instructions": "",
                "required": 0,
                "conditional_logic": 0,
                "wrapper": {
                    "width": "",
                    "class": "",
                    "id": ""
                },
                "placement": "top",
                "endpoint": 0
            },
            {
                "key": "field_5d02eb74181a8",
                "label": "Padding Top",
                "name": "padding_top",
                "type": "number",
                "instructions": "",
                "required": 0,
                "conditional_logic": 0,
                "wrapper": {
                    "width": "50",
                    "class": "",
                    "id": ""
                },
                "default_value": 0,
                "placeholder": "",
                "prepend": "",
                "append": "",
                "min": "",
                "max": "",
                "step": ""
            },
            {
                "key": "field_5d02eb92181a9",
                "label": "Padding Bottom",
                "name": "padding_bottom",
                "type": "number",
                "instructions": "",
                "required": 0,
                "conditional_logic": 0,
                "wrapper": {
                    "width": "50",
                    "class": "",
                    "id": ""
                },
                "default_value": 0,
                "placeholder": "",
                "prepend": "",
                "append": "",
                "min": "",
                "max": "",
                "step": ""
            }
        ],
        "location": [
            [
                {
                    "param": "block",
                    "operator": "==",
                    "value": "acf\/modal-movie"
                }
            ]
        ],
        "menu_order": 0,
        "position": "normal",
        "style": "default",
        "label_placement": "top",
        "instruction_placement": "label",
        "hide_on_screen": "",
        "active": true,
        "description": ""
    },
    {
        "key": "group_5d00ffb5d7aca",
        "title": "Movie Block",
        "fields": [
            {
                "key": "field_5d013c19799b5",
                "label": "Movies",
                "name": "",
                "type": "tab",
                "instructions": "",
                "required": 0,
                "conditional_logic": 0,
                "wrapper": {
                    "width": "",
                    "class": "",
                    "id": ""
                },
                "placement": "top",
                "endpoint": 0
            },
            {
                "key": "field_5d0109ffd1563",
                "label": "Select Movie Type",
                "name": "select_movie",
                "type": "select",
                "instructions": "",
                "required": 0,
                "conditional_logic": 0,
                "wrapper": {
                    "width": "",
                    "class": "",
                    "id": ""
                },
                "choices": {
                    "default": "--Select Movie Type --",
                    "mp4": "Mp4",
                    "youtube": "YouTube",
                    "upload": "Upload"
                },
                "default_value": [],
                "allow_null": 0,
                "multiple": 0,
                "ui": 1,
                "ajax": 0,
                "return_format": "value",
                "placeholder": ""
            },
            {
                "key": "field_5d00ffd7d41e4",
                "label": "Movie",
                "name": "movie",
                "type": "text",
                "instructions": "",
                "required": 0,
                "conditional_logic": [
                    [
                        {
                            "field": "field_5d0109ffd1563",
                            "operator": "==",
                            "value": "mp4"
                        }
                    ]
                ],
                "wrapper": {
                    "width": "",
                    "class": "",
                    "id": ""
                },
                "default_value": "https:\/\/archive.org\/download\/going_places\/GoingPla1948.mp4",
                "placeholder": "",
                "prepend": "",
                "append": "",
                "maxlength": ""
            },
            {
                "key": "field_5d010c8d0ed05",
                "label": "YouTube",
                "name": "youtube_id",
                "type": "text",
                "instructions": "",
                "required": 0,
                "conditional_logic": [
                    [
                        {
                            "field": "field_5d0109ffd1563",
                            "operator": "==",
                            "value": "youtube"
                        }
                    ]
                ],
                "wrapper": {
                    "width": "",
                    "class": "",
                    "id": ""
                },
                "default_value": "sQfk5HykiEk",
                "placeholder": "",
                "prepend": "",
                "append": "",
                "maxlength": ""
            },
            {
                "key": "field_5d01118015887",
                "label": "MP4 Upload",
                "name": "mp4_upload",
                "type": "file",
                "instructions": "",
                "required": 0,
                "conditional_logic": [
                    [
                        {
                            "field": "field_5d0109ffd1563",
                            "operator": "==",
                            "value": "upload"
                        }
                    ]
                ],
                "wrapper": {
                    "width": "",
                    "class": "",
                    "id": ""
                },
                "return_format": "url",
                "library": "all",
                "min_size": "",
                "max_size": "",
                "mime_types": "mp4, m4v, MP4, M4V"
            },
            {
                "key": "field_5d013c27799b6",
                "label": "Settings",
                "name": "",
                "type": "tab",
                "instructions": "",
                "required": 0,
                "conditional_logic": 0,
                "wrapper": {
                    "width": "",
                    "class": "",
                    "id": ""
                },
                "placement": "top",
                "endpoint": 0
            },
            {
                "key": "field_5d013c38799b7",
                "label": "Padding Top",
                "name": "padding_top",
                "type": "number",
                "instructions": "",
                "required": 0,
                "conditional_logic": 0,
                "wrapper": {
                    "width": "",
                    "class": "",
                    "id": ""
                },
                "default_value": 0,
                "placeholder": "",
                "prepend": "",
                "append": "",
                "min": "",
                "max": "",
                "step": ""
            },
            {
                "key": "field_5d013c65799b8",
                "label": "Padding Bottom",
                "name": "padding_bottom",
                "type": "number",
                "instructions": "",
                "required": 0,
                "conditional_logic": 0,
                "wrapper": {
                    "width": "",
                    "class": "",
                    "id": ""
                },
                "default_value": "",
                "placeholder": "",
                "prepend": "",
                "append": "",
                "min": "",
                "max": "",
                "step": ""
            }
        ],
        "location": [
            [
                {
                    "param": "block",
                    "operator": "==",
                    "value": "acf\/movie"
                }
            ]
        ],
        "menu_order": 0,
        "position": "normal",
        "style": "default",
        "label_placement": "top",
        "instruction_placement": "label",
        "hide_on_screen": "",
        "active": true,
        "description": ""
    }
]